luciole,Luciole Lavoine,luciole.lavoine@gmail.com,stelle
qweqweqwe,Fred He,qweqweqwe@gmail.com,qweqweqwe
qwqw,qwqw,q@mail.com,11111111
jeff,Fred,qwe@gmail.com,qweqwe
fred,Fred,fredhe56@gmail.com,qweqwe
qwe,fred,qweqwe@gmail.com,qweqwe
fredfred,fred,fredfred@gmail.com,qweqwe
new_username,me,anton@mail.com,password,,
luciole,Luciole Lavoine,luciole.lavoine@gmail.com,stelle,,
qweqweqwe,Fred He,qweqweqwe@gmail.com,qweqweqwe,,
jeff,Fred,qwe@gmail.com,qweqwe,,
fred,Fred,fredhe56@gmail.com,qweqwe,,
qwe,fred,qweqwe@gmail.com,qweqwe,,
fredfred,fred,fredfred@gmail.com,qweqwe,,
